Name, Position, ID
Aaron Gordon,PF,203932
Aaron Holiday,PG,1628988
Abdel Nader,SF,1627846
Adam Mokoka,SG,1629690
Admiral Schofield,SF,1629678
Al Horford,C,201143
Al-Farouq Aminu,PF,202329
Alec Burks,SG,202692
Alex Caruso,PG,1627936
Alex Len,C,203458
Alfonzo McKinnie,SF,1628035
Alize Johnson,SF,1628993
Allen Crabbe,SG,203459
Allonzo Trier,PG,1629019
Amile Jefferson,PF,1628518
Amir Coffey,SG,1629599
Andre Drummond,C,203083
Andre Iguodala,SG,2738
Andrew Wiggins,SF-SG,203952
Anfernee Simons,SG,1629014
Anthony Davis,PF,203076
Anthony Tolliver,PF,201229
Antonius Cleveland,SG,1628499
Aron Baynes,C,203382
Austin Rivers,SG,203085
Avery Bradley,SG,202340
Bam Adebayo,PF,1628389
Ben McLemore,SG,203463
Ben Simmons,PG,1627732
Bismack Biyombo,C,202687
Blake Griffin,PF,201933
Bobby Portis,C,1626171
Brad Wanamaker,PG,202954
Bradley Beal,SG,203078
Brandon Clarke,PF,1629634
Brandon Goodwin,PG,1629164
Brandon Ingram,PF,1627742
Brandon Knight,PG,202688
Brook Lopez,C,201572
Bruce Brown,SG,1628971
Bruno Caboclo,SF,203998
Bruno Fernando,C,1628981
Bryn Forbes,SG,1627854
Buddy Hield,SG,1627741
CJ McCollum,SG,203468
Caleb Martin,SF,1628997
Caleb Swanigan,PF,1628403
Cam Reddish,SF,1629629
Cameron Johnson,PF,1629661
Caris LeVert,SG,1627747
Carmelo Anthony,PF,2546
Carsen Edwards,SG,1629035
Cedi Osman,SF,1626224
Chandler Hutchison,SF,1628990
Chandler Parsons,SF,202718
Chasson Randle,PG,1626184
Cheick Diallo,C,1627767
Chimezie Metu,PF,1629002
Chris Boucher,PF,1628449
Chris Chiozza,PG,1629185
Chris Clemons,SG,1629598
Chris Paul,PG,101108
Chris Silva,PF,1629735
Christian Wood,PF,1626174
Clint Capela,C,203991
Coby White,SG,1629632
Cody Martin,SF,1628998
Cody Zeller,C,203469
Collin Sexton,SG,1629012
Cory Joseph,PG,202709
Courtney Lee,SG,201584
D'Angelo Russell,PG,1626156
D.J. Augustin,PG,201571
D.J. Wilson,PF,1628391
DaQuan Jeffries,SG,1629610
Damian Jones,C,1627745
Damian Lillard,PG,203081
Damion Lee,SG,1627814
Damyean Dotson,SG,1628422
Daniel Gafford,C,1629655
Daniel Theis,C,1628464
Danilo Gallinari,PF,201568
Danny Green,SG,201980
Dante Exum,SG,203957
Darius Bazley,PF,1629647
Darius Garland,PG,1629636
Daryl Macon,SG,1629133
David Nwaba,SF,1628021
De'Aaron Fox,PG,1628368
De'Andre Hunter,SF,1629631
De'Anthony Melton,PG,1629001
DeAndre Jordan,C,201599
DeAndre' Bembry,SG,1627761
DeMar DeRozan,SF,201942
DeMarre Carroll,SF,201960
Dean Wade,PF,1629731
Deandre Ayton,C,1629028
Dejounte Murray,PG,1627749
Delon Wright,SG,1626153
Dennis Smith Jr.,PG,1628372
Denzel Valentine,SF,1627756
Deonte Burton,SG,1629126
Derrick Favors,C,202324
Derrick Jones Jr.,SF,1627884
Derrick Rose,PG,201565
Derrick White,SG,1628401
Devin Booker,SG,1626164
Devon Hall,SG,1628985
Devonte' Graham,PG,1628984
Dewan Hernandez,C,1629608
Dewayne Dedmon,C,203473
Dillon Brooks,SG,1628415
Dion Waiters,SG,203079
Domantas Sabonis,C,1627734
Donovan Mitchell,SG,1628378
Donta Hall,PF,1629743
Donte DiVincenzo,SG,1628978
Dorian Finney-Smith,PF,1627827
Doug McDermott,PF,203926
Dragan Bender,SF,1627733
Draymond Green,PF,203110
Drew Eubanks,PF,1629234
Duncan Robinson,SF,1629130
Dusty Hannahs,SG,1628605
Dwayne Bacon,SG,1628407
Dwight Howard,C,2730
Dwight Powell,C,203939
E'Twaun Moore,SG,202734
Ed Davis,C,202334
Edmond Sumner,PG,1628410
Elfrid Payton,PG,203901
Elie Okobo,PG,1629059
Emmanuel Mudiay,PG,1626144
Enes Kanter,C,202683
Eric Bledsoe,PG,202339
Eric Gordon,SG,201569
Eric Mika,PF,1628450
Eric Paschall,PF,1629672
Evan Fournier,SG,203095
Evan Turner,PG,202323
Frank Jackson,PG,1628402
Frank Kaminsky,C,1626163
Frank Ntilikina,PG,1628373
Fred VanVleet,PG,1627832
Furkan Korkmaz,SG,1627788
Gabe Vincent,PG,1629216
Garrett Temple,SG,202066
Garrison Mathews,SG,1629726
Gary Clark,PF,1629109
Gary Harris,SG,203914
Gary Payton II,PG,1627780
Gary Trent Jr.,SG,1629018
George Hill,PG,201588
Georges Niang,PF,1627777
Giannis Antetokounmpo,PF,203507
Glenn Robinson III,SF,203922
Goga Bitadze,C,1629048
Gordon Hayward,SF,202330
Gorgui Dieng,C,203476
Grant Williams,PF,1629684
Grayson Allen,SG,1628960
Hamidou Diallo,SF,1628977
Harrison Barnes,PF,203084
Hassan Whiteside,C,202355
Henry Ellenson,PF,1627740
Ian Mahinmi,C,101133
Ignas Brazdeikis,SF,1629649
Iman Shumpert,SG,202697
Isaac Bonga,SF,1629067
Isaiah Hartenstein,C,1628392
Isaiah Roby,SF,1629676
Isaiah Thomas,PG,202738
Ish Smith,PG,202397
Ivica Zubac,C,1627826
J.J. Barea,PG,200826
J.P. Macura,SG,1629122
Ja Morant,PG,1629630
JaKarr Sampson,SF,203960
JaMychal Green,PF,203210
JaVale McGee,C,201580
Jabari Parker,PF,203953
Jacob Evans,SG,1628980
Jae Crowder,SF,203109
Jahlil Okafor,C,1626143
Jake Layman,PF,1627774
Jalen Brunson,PG,1628973
Jalen Lecque,PG,1629665
Jalen McDaniels,PF,1629667
Jamal Murray,PG,1627750
James Harden,SG,201935
James Johnson,PF,201949
Jared Dudley,SF,201162
Jared Harper,PG,1629607
Jaren Jackson Jr.,C,1628991
Jarred Vanderbilt,SF-PF,1629020
Jarrell Brantley,PF,1629714
Jarrett Allen,C,1628386
Jarrett Culver,SG,1629633
Jarrod Uthoff,SF,1627784
Javonte Green,SF,1629750
Jaxson Hayes,C,1629637
Jaylen Brown,SF,1627759
Jaylen Hoard,SF,1629658
Jaylen Nowell,SG,1629669
Jayson Tatum,PF,1628369
Jeff Green,PF,201145
Jeff Teague,PG,201952
Jerami Grant,PF,203924
Jeremiah Martin,PG,1629725
Jeremy Lamb,SG,203087
Jeremy Pargo,PG,202951
Jerome Robinson,SG,1629010
Jevon Carter,PG,1628975
Jimmy Butler,SF,202710
Joe Chealey,PG,1629147
Joe Harris,SF,203925
Joe Ingles,SF,204060
Joel Embiid,C,203954
John Collins,PF,1628381
John Henson,PF,203089
John Konchar,SG,1629723
Johnathan Motley,PF,1628405
Johnathan Williams,C,1629140
Jonah Bolden,PF,1628413
Jonathan Isaac,SF,1628371
Jordan Bell,C-PF,1628395
Jordan Bone,PG,1629648
Jordan Clarkson,SG,203903
Jordan McLaughlin,PG,1629162
Jordan McRae,SG,203895
Jordan Poole,SG,1629673
Josh Gray,PG,1627982
Josh Hart,SF,1628404
Josh Jackson,SG,1628367
Josh Magette,PG,203705
Josh Okogie,SG,1629006
Josh Reaves,SG,1629729
Josh Richardson,SG,1626196
Jrue Holiday,SG,201950
Juan Toscano-Anderson,SF,1629308
Julius Randle,PF,203944
Justin Anderson,SF,1626147
Justin Holiday,SG,203200
Justin Jackson,PF,1628382
Justin James,SG,1629713
Justin Patton,C,1628383
Justin Robinson,PG,1629620
Justin Wright-Foreman,PG,1629625
Justise Winslow,SF,1626159
Juwan Morgan,PF,1629752
KZ Okpala,SF,1629644
Kadeem Allen,SG,1628443
Karl-Anthony Towns,C,1626157
Kawhi Leonard,SF,202695
Keita Bates-Diop,SF,1628966
Kelan Martin,SF,1629103
Keldon Johnson,SF,1629640
Kelly Olynyk,C,203482
Kelly Oubre Jr.,SF,1626162
Kemba Walker,PG,202689
Kendrick Nunn,SG,1629134
Kenrich Williams,PF,1629026
Kent Bazemore,SF-SG,203145
Kentavious Caldwell-Pope,SG,203484
Kevin Hervey,PF,1628987
Kevin Huerter,SG,1628989
Kevin Love,PF,201567
Kevin Porter Jr.,SF,1629645
Kevon Looney,C,1626172
Khem Birch,C,203920
Khris Middleton,SF,203114
Khyri Thomas,SG,1629017
Kostas Antetokounmpo,PF,1628961
Kris Dunn,PG,1627739
Ky Bowman,PG,1629065
Kyle Anderson,PF,203937
Kyle Guy,SG,1629657
Kyle Korver,SF,2594
Kyle Kuzma,PF,1628398
Kyle Lowry,PG,200768
Kyle O'Quinn,C,203124
Kyrie Irving,PG,202681
LaMarcus Aldridge,C,200746
Landry Shamet,SG,1629013
Langston Galloway,SG,204038
Larry Nance Jr.,C,1626204
Lauri Markkanen,PF,1628374
LeBron James,PG,2544
Lonzo Ball,PG,1628366
Lou Williams,SG,101150
Louis King,SF,1629663
Luguentz Dort,SG,1629652
Luke Kennard,SG,1628379
Luke Kornet,C,1628436
Malcolm Brogdon,PG,1627763
Malcolm Miller,SF,1626259
Malik Beasley,SG,1627736
Malik Monk,SG,1628370
Malik Newman,SG,1629005
Marc Gasol,C,201188
Marco Belinelli,SG,201158
Marcus Smart,SG,203935
Marial Shayok,SG,1629621
Mario Hezonja,PF,1626209
Markelle Fultz,PG,1628365
Markieff Morris,PF,202693
Marko Guduric,SG,1629741
Marques Bolden,C,1629716
Marquese Chriss,PF,1627737
Marvin Bagley III,PF,1628963
Marvin Williams,PF,101107
Mason Plumlee,C,203486
Matisse Thybulle,SG,1629680
Matt Mooney,SG,1629760
Matt Thomas,SG,1629744
Matthew Dellavedova,PG,203521
Maurice Harkless,SF,203090
Max Strus,SG,1629622
Maxi Kleber,C,1628467
Meyers Leonard,C,203086
Mfiondu Kabengele,C,1629662
Michael Carter-Williams,SG,203487
Michael Frazier,SG,1626187
Michael Kidd-Gilchrist,PF-SF,203077
Michael Porter Jr.,PF,1629008
Mikal Bridges,SF,1628969
Mike Conley,PG,201144
Mike Muscala,C,203488
Mike Scott,PF,203118
Miles Bridges,SF,1628970
Mitchell Robinson,C,1629011
Miye Oni,SG,1629671
Mo Bamba,C,1628964
Monte Morris,PG,1628420
Montrezl Harrell,C,1626149
Moritz Wagner,C,1629021
Moses Brown,C,1629650
Mychal Mulder,SG,1628539
Myles Turner,C,1626167
Nassir Little,PF,1629642
Naz Mitrou-Long,SG,1628513
Naz Reid,C,1629675
Nemanja Bjelica,PF,202357
Nerlens Noel,C,203457
Nickeil Alexander-Walker,SG,1629638
Nicolas Batum,SF,201587
Nicolas Claxton,PF,1629651
Nigel Williams-Goss,PG,1628430
Noah Vonleh,C-PF,203943
Norman Powell,SG,1626181
Norvel Pelle,C,203658
OG Anunoby,SF,1628384
Omari Spellman,PF,1629016
Oshae Brissett,SF,1629052
P.J. Tucker,PF,200782
P.J. Washington,PF,1629023
PJ Dozier,PG,1628408
Pascal Siakam,PF,1627783
Pat Connaughton,SG,1626192
Patrick Beverley,PG,201976
Patrick McCaw,SF,1627775
Patrick Patterson,PF,202335
Patty Mills,PG,201988
Paul George,SF,202331
Paul Millsap,PF,200794
Paul Watson,SF-SG,1628778
Quinn Cook,PG,1626188
Quinndary Weatherspoon,SG,1629683
RJ Barrett,SG,1629628
Rajon Rondo,PG,200765
Raul Neto,PG,203526
Rayjon Tucker,SG,1629730
Reggie Bullock,SG,203493
Reggie Jackson,PG,202704
Richaun Holmes,C,1626158
Ricky Rubio,PG,201937
Robert Covington,PF,203496
Robin Lopez,C,201577
Rodions Kurucs,PF,1629066
Rodney Hood,SF,203918
Rodney McGruder,SG,203585
Romeo Langford,SG,1629641
Rondae Hollis-Jefferson,SF,1626178
Royce O'Neale,PF,1626220
Rudy Gay,PF,200752
Rudy Gobert,C,203497
Rui Hachimura,PF,1629060
Russell Westbrook,PG,201566
Ryan Anderson,PF,201583
Ryan Arcidiacono,PG,1627853
Ryan Broekhoff,SG,1629151
Sekou Doumbouya,SF,1629635
Semi Ojeleye,PF,1628400
Serge Ibaka,C,201586
Seth Curry,SG,203552
Shabazz Napier,PG,203894
Shai Gilgeous-Alexander,SG,1628983
Shake Milton,SG,1629003
Shamorie Ponds,PG,1629044
Shaquille Harrison,SF,1627885
Solomon Hill,SF,203524
Spencer Dinwiddie,SG,203915
Stanley Johnson,PF,1626169
Stanton Kidd,SF,1629742
Stephen Curry,PG,201939
Sterling Brown,SF,1628425
Steven Adams,C,203500
T.J. McConnell,PG,204456
T.J. Warren,SF,203933
Tacko Fall,C,1629605
Taj Gibson,C,201959
Talen Horton-Tucker,SG,1629659
Tariq Owens,PF,1629745
Taurean Prince,SF,1627752
Terance Mann,SG,1629611
Terence Davis,SG,1629056
Terrance Ferguson,SF,1628390
Terrence Ross,SG,203082
Terry Rozier,PG,1626179
Thabo Sefolosha,PF,200757
Thaddeus Young,PF,201152
Thanasis Antetokounmpo,SF,203648
Theo Pinson,SG,1629033
Thomas Bryant,C,1628418
Thon Maker,C,1627748
Tim Frazier,PG,204025
Tim Hardaway Jr.,SG,203501
Tobias Harris,PF,202699
Tony Bradley,C,1628396
Tony Snell,SF,203503
Torrey Craig,SF,1628470
Trae Young,PG,1629027
Tremont Waters,PG,1629682
Treveon Graham,SG,1626203
Trevor Ariza,SF,2772
Trey Burke,PG,203504
Trey Lyles,PF,1626168
Tristan Thompson,C,202684
Troy Brown Jr.,SG,1628972
Troy Daniels,SG,203584
Ty Jerome,PG,1629660
Tyler Cook,PF,1629076
Tyler Herro,SG,1629639
Tyler Johnson,SG,204020
Tyrone Wallace,SG,1627820
Tyson Chandler,C,2199
Tyus Jones,PG,1626145
Udonis Haslem,PF,2617
Vic Law,SF,1629724
Victor Oladipo,SG,203506
Vince Carter,SF,1713
Vincent Poirier,C,1629738
Wayne Ellington,SG,201961
Wendell Carter Jr.,C,1628976
Wenyen Gabriel,PF,1629117
Wesley Matthews,SG,202083
Will Barton,SF,203115
William Howard,SG,1629739
Willie Cauley-Stein,C,1626161
Wilson Chandler,SF,201163
Yogi Ferrell,PG,1627812
Yuta Watanabe,SG,1629139
Zach Collins,PF,1628380
Zach LaVine,SG,203897
Zhaire Smith,SG,1629015
Zion Williamson,PF,1629627
Zylan Cheatham,SF,1629597
